concello;poligonales;objectid;ua_teselas;ua_tesel_1;ua;hectares;grupoua;shape_leng;tabla_anex;tabla_an_1;cobertura;cod_tipo;codanexoi;cod_anexoi;p;anexoi_gal;shape_leng.1
Laxe;Parque Eólico Pena Forcada Modificado Num1;10182;11360;ES1110005.0091;UA161;7.77574883553;UA100;5517.68928295;10250;ES1110005.0091;5.0;P;1230;1230;;Cantís con vexetación das costas atlánticas e bálticas;5517.68928295
Laxe;Parque Eólico Pena Forcada Modificado Num1;10183;11360;ES1110005.0091;UA161;7.77574883553;UA100;5517.68928295;10251;ES1110005.0091;1.0;V;1170;1170;;Arrecifes;5517.68928295
Laxe;Parque Eólico Pena Forcada Modificado Num1;10184;11360;ES1110005.0091;UA161;7.77574883553;UA100;5517.68928295;10252;ES1110005.0091;1.0;V;1170;1170;;Arrecifes;5517.68928295
Laxe;Parque Eólico Pena Forcada Modificado Num1;10185;11360;ES1110005.0091;UA161;7.77574883553;UA100;5517.68928295;10253;ES1110005.0091;1.0;V;8330;8330;;Furnas mariñas;5517.68928295
Laxe;Parque Eólico Pena Forcada Modificado Num1;10186;11360;ES1110005.0091;UA161;7.77574883553;UA100;5517.68928295;10254;ES1110005.0091;5.0;V;8230;8230;;Rochedos silíceos con vexetación pioneira;5517.68928295
Laxe;Parque Eólico Pena Forcada Modificado Num1;10187;11360;ES1110005.0091;UA161;7.77574883553;UA100;5517.68928295;10255;ES1110005.0091;1.0;V;7220*;7220;X;Mananciais petrificantes con formación de “tuf” (Cratoneurion);5517.68928295
Laxe;Parque Eólico Pena Forcada Modificado Num1;10810;11587;ES1110005.0326;UA240;3.10346436375;UA200;1106.23402077;10880;ES1110005.0326;1.0;V;7150;7150;;Depresións sobre sustratos turbosos do Rhynchosporion;1106.23402077
Laxe;Parque Eólico Pena Forcada Modificado Num1;10811;11587;ES1110005.0326;UA240;3.10346436375;UA200;1106.23402077;10884;ES1110005.0326;1.0;V;7140;7140;;Turbeiras de transición e inllós;1106.23402077
Laxe;Parque Eólico Pena Forcada Modificado Num1;10812;11587;ES1110005.0326;UA240;3.10346436375;UA200;1106.23402077;10883;ES1110005.0326;4.0;V;4020*;4020;X;Queirogais húmidos atlánticos de Erica ciliaris e Erica tetralix;1106.23402077
Laxe;Parque Eólico Pena Forcada Modificado Num1;10813;11587;ES1110005.0326;UA240;3.10346436375;UA200;1106.23402077;10882;ES1110005.0326;1.0;V;6410;6410;;Prados con Molinia;1106.23402077
Laxe;Parque Eólico Pena Forcada Modificado Num1;10814;11587;ES1110005.0326;UA240;3.10346436375;UA200;1106.23402077;10879;ES1110005.0326;2.0;V;7150;7150;;Depresións sobre sustratos turbosos do Rhynchosporion;1106.23402077
Laxe;Parque Eólico Pena Forcada Modificado Num1;10815;11587;ES1110005.0326;UA240;3.10346436375;UA200;1106.23402077;10878;ES1110005.0326;5.0;P;7110*;7110;X;Turbeiras altas activas;1106.23402077
Laxe;Parque Eólico Pena Forcada Modificado Num1;10816;11587;ES1110005.0326;UA240;3.10346436375;UA200;1106.23402077;10881;ES1110005.0326;1.0;V;7150;7150;;Depresións sobre sustratos turbosos do Rhynchosporion;1106.23402077
Laxe;Parque Eólico Pena Forcada Modificado Num1;10817;11588;ES1110005.0327;UA162;18.0138049346;UA100;4072.22657183;10888;ES1110005.0327;1.0;V;6220*;6220;X;Pseudoestepas de gramíneas e anuais da orde Thero-Brachypodietea;4072.22657183
Laxe;Parque Eólico Pena Forcada Modificado Num1;10818;11588;ES1110005.0327;UA162;18.0138049346;UA100;4072.22657183;10885;ES1110005.0327;5.0;P;4030;4030;;Queirogais secos europeos;4072.22657183
Laxe;Parque Eólico Pena Forcada Modificado Num1;10819;11588;ES1110005.0327;UA162;18.0138049346;UA100;4072.22657183;10886;ES1110005.0327;1.0;V;8230;8230;;Rochedos silíceos con vexetación pioneira;4072.22657183
Laxe;Parque Eólico Pena Forcada Modificado Num1;10820;11588;ES1110005.0327;UA162;18.0138049346;UA100;4072.22657183;10887;ES1110005.0327;5.0;V;4030;4030;;Queirogais secos europeos;4072.22657183
Laxe;Parque Eólico Pena Forcada Modificado Num1;10821;11589;ES1110005.0328;UA162;1.10710703124;UA100;702.038831807;10891;ES1110005.0328;5.0;V;4030;4030;;Queirogais secos europeos;702.038831807
Laxe;Parque Eólico Pena Forcada Modificado Num1;10822;11589;ES1110005.0328;UA162;1.10710703124;UA100;702.038831807;10889;ES1110005.0328;5.0;P;4030;4030;;Queirogais secos europeos;702.038831807
Laxe;Parque Eólico Pena Forcada Modificado Num1;10823;11589;ES1110005.0328;UA162;1.10710703124;UA100;702.038831807;10890;ES1110005.0328;1.0;V;8230;8230;;Rochedos silíceos con vexetación pioneira;702.038831807
Laxe;Parque Eólico Pena Forcada Modificado Num1;10824;11590;ES1110005.0329;UA162;19.6662265625;UA100;6728.15528355;10892;ES1110005.0329;5.0;P;4030;4030;;Queirogais secos europeos;6728.15528355
Laxe;Parque Eólico Pena Forcada Modificado Num1;10825;11590;ES1110005.0329;UA162;19.6662265625;UA100;6728.15528355;10893;ES1110005.0329;1.0;V;8230;8230;;Rochedos silíceos con vexetación pioneira;6728.15528355
Laxe;Parque Eólico Pena Forcada Modificado Num1;10826;11590;ES1110005.0329;UA162;19.6662265625;UA100;6728.15528355;10894;ES1110005.0329;5.0;V;4030;4030;;Queirogais secos europeos;6728.15528355
Laxe;Parque Eólico Pena Forcada Modificado Num1;10827;11590;ES1110005.0329;UA162;19.6662265625;UA100;6728.15528355;10895;ES1110005.0329;1.0;V;6220*;6220;X;Pseudoestepas de gramíneas e anuais da orde Thero-Brachypodietea;6728.15528355
Laxe;Parque Eólico Pena Forcada Modificado Num1;11062;11656;ES1110005.0397;UA120;0.24493798089;UA100;491.862599679;11130;ES1110005.0397;5.0;P;1130;1130;;Esteiros;491.862599679
Laxe;Parque Eólico Pena Forcada Modificado Num1;11378;11777;ES1110005.0532;UA150;22.5628390216;UA100;4917.70189589;11447;ES1110005.0532;1.0;V;1210;1210;;Vexetación anual sobre argazos;4917.70189589
Laxe;Parque Eólico Pena Forcada Modificado Num1;11379;11777;ES1110005.0532;UA150;22.5628390216;UA100;4917.70189589;11446;ES1110005.0532;5.0;P;1140;1140;;Chairas lamacentas ou areosas non cubertos pola auga na baixamar;4917.70189589
Laxe;Parque Eólico Pena Forcada Modificado Num1;11607;11891;ES1110005.0660;UA151;24.6050913624;UA100;7950.6049719;11678;ES1110005.0660;2.0;V;2120;2120;;"Dunas móbiles litorais con Ammophila arenaria (""dunas brancas"")";7950.6049719
Laxe;Parque Eólico Pena Forcada Modificado Num1;11608;11891;ES1110005.0660;UA151;24.6050913624;UA100;7950.6049719;11677;ES1110005.0660;1.0;V;2190;2190;;Depresións intradunares húmidas;7950.6049719
Laxe;Parque Eólico Pena Forcada Modificado Num1;11609;11891;ES1110005.0660;UA151;24.6050913624;UA100;7950.6049719;11676;ES1110005.0660;1.0;V;6220*;6220;X;Pseudoestepas de gramíneas e anuais da orde Thero-Brachypodietea;7950.6049719
Laxe;Parque Eólico Pena Forcada Modificado Num1;11610;11891;ES1110005.0660;UA151;24.6050913624;UA100;7950.6049719;11675;ES1110005.0660;5.0;P;2130*;2130;X;"Dunas costeiras fixas con vexetación herbácea (""dunas grises"")";7950.6049719
Laxe;Parque Eólico Pena Forcada Modificado Num1;11783;11949;ES1110005.0718;UA152;2.23914528679;UA100;904.963609169;11851;ES1110005.0718;5.0;P;2190;2190;;Depresións intradunares húmidas;904.963609169
Laxe;Parque Eólico Pena Forcada Modificado Num1;11784;11949;ES1110005.0718;UA152;2.23914528679;UA100;904.963609169;11852;ES1110005.0718;3.0;V;6420;6420;;Prados húmidos mediterráneos do Molinion-Holoschoenion;904.963609169
Laxe;Parque Eólico Pena Forcada Modificado Num1;11785;11949;ES1110005.0718;UA152;2.23914528679;UA100;904.963609169;11853;ES1110005.0718;1.0;V;2130*;2130;X;"Dunas costeiras fixas con vexetación herbácea (""dunas grises"")";904.963609169
Laxe;Parque Eólico Pena Forcada Modificado Num1;11816;11962;ES1110005.0731;UA152;3.72990508614;UA100;2446.78921926;11886;ES1110005.0731;1.0;V;2130*;2130;X;"Dunas costeiras fixas con vexetación herbácea (""dunas grises"")";2446.78921926
Laxe;Parque Eólico Pena Forcada Modificado Num1;11817;11962;ES1110005.0731;UA152;3.72990508614;UA100;2446.78921926;11884;ES1110005.0731;5.0;P;2190;2190;;Depresións intradunares húmidas;2446.78921926
Laxe;Parque Eólico Pena Forcada Modificado Num1;11818;11962;ES1110005.0731;UA152;3.72990508614;UA100;2446.78921926;11885;ES1110005.0731;3.0;V;6420;6420;;Prados húmidos mediterráneos do Molinion-Holoschoenion;2446.78921926
Laxe;Parque Eólico Pena Forcada Modificado Num1;11907;12008;ES1110005.0780;UA220;0.134177193353;UA200;661.894531143;11976;ES1110005.0780;1.0;S;6430;6430;;Megaforbios éutrofos higrófilos das orlas de chairas;661.894531143
Laxe;Parque Eólico Pena Forcada Modificado Num1;11908;12008;ES1110005.0780;UA220;0.134177193353;UA200;661.894531143;11975;ES1110005.0780;5.0;P;3260;3260;;Ríos dos pisos basal a montano;661.894531143
Laxe;Parque Eólico Pena Forcada Modificado Num1;11941;12022;ES1110005.0794;UA530;6.19388736581;UA500;2901.39105317;12009;ES1110005.0794;2.0;V;6510;6510;;Prados de sega de baixa altitude;2901.39105317
Laxe;Parque Eólico Pena Forcada Modificado Num1;11942;12022;ES1110005.0794;UA530;6.19388736581;UA500;2901.39105317;12010;ES1110005.0794;1.0;V;6410;6410;;Prados con Molinia;2901.39105317
Laxe;Parque Eólico Pena Forcada Modificado Num1;11943;12022;ES1110005.0794;UA530;6.19388736581;UA500;2901.39105317;12011;ES1110005.0794;1.0;S;6430;6430;;Megaforbios éutrofos higrófilos das orlas de chairas;2901.39105317
Laxe;Parque Eólico Pena Forcada Modificado Num1;11944;12022;ES1110005.0794;UA530;6.19388736581;UA500;2901.39105317;12012;ES1110005.0794;1.0;S;6410;6410;;Prados con Molinia;2901.39105317
Laxe;Parque Eólico Pena Forcada Modificado Num1;11945;12022;ES1110005.0794;UA530;6.19388736581;UA500;2901.39105317;12013;ES1110005.0794;1.0;S;6410;6410;;Prados con Molinia;2901.39105317
Laxe;Parque Eólico Pena Forcada Modificado Num1;12173;12098;ES1110005.0874;UA162;31.8748507813;UA100;9263.53538087;12241;ES1110005.0874;5.0;P;4030;4030;;Queirogais secos europeos;9263.53538087
Laxe;Parque Eólico Pena Forcada Modificado Num1;12174;12098;ES1110005.0874;UA162;31.8748507813;UA100;9263.53538087;12246;ES1110005.0874;1.0;V;6220*;6220;X;Pseudoestepas de gramíneas e anuais da orde Thero-Brachypodietea;9263.53538087
Laxe;Parque Eólico Pena Forcada Modificado Num1;12175;12098;ES1110005.0874;UA162;31.8748507813;UA100;9263.53538087;12245;ES1110005.0874;1.0;V;4030;4030;;Queirogais secos europeos;9263.53538087
Laxe;Parque Eólico Pena Forcada Modificado Num1;12176;12098;ES1110005.0874;UA162;31.8748507813;UA100;9263.53538087;12244;ES1110005.0874;1.0;V;4020*;4020;X;Queirogais húmidos atlánticos de Erica ciliaris e Erica tetralix;9263.53538087
Laxe;Parque Eólico Pena Forcada Modificado Num1;12177;12098;ES1110005.0874;UA162;31.8748507813;UA100;9263.53538087;12242;ES1110005.0874;5.0;V;8230;8230;;Rochedos silíceos con vexetación pioneira;9263.53538087
Laxe;Parque Eólico Pena Forcada Modificado Num1;12178;12098;ES1110005.0874;UA162;31.8748507813;UA100;9263.53538087;12247;ES1110005.0874;1.0;V;5230*;5230;X;Matogueiras arborescentes de Laurus nobilis;9263.53538087
Laxe;Parque Eólico Pena Forcada Modificado Num1;12179;12098;ES1110005.0874;UA162;31.8748507813;UA100;9263.53538087;12243;ES1110005.0874;1.0;V;8130;8130;;Desprendementos mediterráneos occidentais e termófilos;9263.53538087
Laxe;Parque Eólico Pena Forcada Modificado Num1;12379;12141;ES1110005.0920;UA162;17.1957965737;UA100;6219.29559026;12452;ES1110005.0920;1.0;V;6220*;6220;X;Pseudoestepas de gramíneas e anuais da orde Thero-Brachypodietea;6219.29559026
Laxe;Parque Eólico Pena Forcada Modificado Num1;12380;12141;ES1110005.0920;UA162;17.1957965737;UA100;6219.29559026;12447;ES1110005.0920;5.0;P;4030;4030;;Queirogais secos europeos;6219.29559026
Laxe;Parque Eólico Pena Forcada Modificado Num1;12381;12141;ES1110005.0920;UA162;17.1957965737;UA100;6219.29559026;12448;ES1110005.0920;5.0;V;8230;8230;;Rochedos silíceos con vexetación pioneira;6219.29559026
Laxe;Parque Eólico Pena Forcada Modificado Num1;12382;12141;ES1110005.0920;UA162;17.1957965737;UA100;6219.29559026;12449;ES1110005.0920;1.0;V;8130;8130;;Desprendementos mediterráneos occidentais e termófilos;6219.29559026
Laxe;Parque Eólico Pena Forcada Modificado Num1;12383;12141;ES1110005.0920;UA162;17.1957965737;UA100;6219.29559026;12450;ES1110005.0920;1.0;V;4020*;4020;X;Queirogais húmidos atlánticos de Erica ciliaris e Erica tetralix;6219.29559026
Laxe;Parque Eólico Pena Forcada Modificado Num1;12384;12141;ES1110005.0920;UA162;17.1957965737;UA100;6219.29559026;12451;ES1110005.0920;1.0;V;4030;4030;;Queirogais secos europeos;6219.29559026
Laxe;Parque Eólico Pena Forcada Modificado Num1;12763;12210;ES1110005.0989;UA162;0.874375781246;UA100;505.801152258;12833;ES1110005.0989;1.0;V;8130;8130;;Desprendementos mediterráneos occidentais e termófilos;505.801152258
Laxe;Parque Eólico Pena Forcada Modificado Num1;12764;12210;ES1110005.0989;UA162;0.874375781246;UA100;505.801152258;12831;ES1110005.0989;5.0;P;4030;4030;;Queirogais secos europeos;505.801152258
Laxe;Parque Eólico Pena Forcada Modificado Num1;12765;12210;ES1110005.0989;UA162;0.874375781246;UA100;505.801152258;12832;ES1110005.0989;5.0;V;8230;8230;;Rochedos silíceos con vexetación pioneira;505.801152258
Laxe;Parque Eólico Pena Forcada Modificado Num1;14047;12503;ES1110005.1289;UA530;7.79888515625;UA500;2452.72574644;14115;ES1110005.1289;2.0;V;6510;6510;;Prados de sega de baixa altitude;2452.72574644
Laxe;Parque Eólico Pena Forcada Modificado Num1;14048;12503;ES1110005.1289;UA530;7.79888515625;UA500;2452.72574644;14116;ES1110005.1289;1.0;V;6410;6410;;Prados con Molinia;2452.72574644
Laxe;Parque Eólico Pena Forcada Modificado Num1;14049;12503;ES1110005.1289;UA530;7.79888515625;UA500;2452.72574644;14117;ES1110005.1289;1.0;S;6430;6430;;Megaforbios éutrofos higrófilos das orlas de chairas;2452.72574644
Laxe;Parque Eólico Pena Forcada Modificado Num1;14050;12503;ES1110005.1289;UA530;7.79888515625;UA500;2452.72574644;14118;ES1110005.1289;1.0;S;6410;6410;;Prados con Molinia;2452.72574644
Laxe;Parque Eólico Pena Forcada Modificado Num1;14160;12532;ES1110005.1318;UA530;0.539538281252;UA500;404.174532434;14228;ES1110005.1318;2.0;V;6510;6510;;Prados de sega de baixa altitude;404.174532434
Laxe;Parque Eólico Pena Forcada Modificado Num1;14161;12532;ES1110005.1318;UA530;0.539538281252;UA500;404.174532434;14229;ES1110005.1318;1.0;V;6410;6410;;Prados con Molinia;404.174532434
Laxe;Parque Eólico Pena Forcada Modificado Num1;14162;12532;ES1110005.1318;UA530;0.539538281252;UA500;404.174532434;14230;ES1110005.1318;1.0;S;6430;6430;;Megaforbios éutrofos higrófilos das orlas de chairas;404.174532434
Laxe;Parque Eólico Pena Forcada Modificado Num1;14163;12532;ES1110005.1318;UA530;0.539538281252;UA500;404.174532434;14231;ES1110005.1318;1.0;S;6410;6410;;Prados con Molinia;404.174532434
Laxe;Parque Eólico Pena Forcada Modificado Num1;14264;12558;ES1110005.1344;UA530;0.610169531248;UA500;398.55468909;14332;ES1110005.1344;2.0;V;6510;6510;;Prados de sega de baixa altitude;398.55468909
Laxe;Parque Eólico Pena Forcada Modificado Num1;14265;12558;ES1110005.1344;UA530;0.610169531248;UA500;398.55468909;14333;ES1110005.1344;1.0;V;6410;6410;;Prados con Molinia;398.55468909
Laxe;Parque Eólico Pena Forcada Modificado Num1;14266;12558;ES1110005.1344;UA530;0.610169531248;UA500;398.55468909;14334;ES1110005.1344;1.0;S;6430;6430;;Megaforbios éutrofos higrófilos das orlas de chairas;398.55468909
Laxe;Parque Eólico Pena Forcada Modificado Num1;14267;12558;ES1110005.1344;UA530;0.610169531248;UA500;398.55468909;14335;ES1110005.1344;1.0;S;6410;6410;;Prados con Molinia;398.55468909
Laxe;Parque Eólico Pena Forcada Modificado Num1;14268;12559;ES1110005.1345;UA530;3.49701796874;UA500;1708.02299;14337;ES1110005.1345;1.0;V;6410;6410;;Prados con Molinia;1708.02299
Laxe;Parque Eólico Pena Forcada Modificado Num1;14269;12559;ES1110005.1345;UA530;3.49701796874;UA500;1708.02299;14338;ES1110005.1345;1.0;S;6430;6430;;Megaforbios éutrofos higrófilos das orlas de chairas;1708.02299
Laxe;Parque Eólico Pena Forcada Modificado Num1;14270;12559;ES1110005.1345;UA530;3.49701796874;UA500;1708.02299;14336;ES1110005.1345;2.0;V;6510;6510;;Prados de sega de baixa altitude;1708.02299
Laxe;Parque Eólico Pena Forcada Modificado Num1;14271;12559;ES1110005.1345;UA530;3.49701796874;UA500;1708.02299;14339;ES1110005.1345;1.0;S;6410;6410;;Prados con Molinia;1708.02299
Laxe;Parque Eólico Pena Forcada Modificado Num1;14662;12665;ES1110005.1468;UA530;44.6339211486;UA500;12219.5828367;14730;ES1110005.1468;2.0;V;6510;6510;;Prados de sega de baixa altitude;12219.5828367
Laxe;Parque Eólico Pena Forcada Modificado Num1;14663;12665;ES1110005.1468;UA530;44.6339211486;UA500;12219.5828367;14731;ES1110005.1468;1.0;V;6410;6410;;Prados con Molinia;12219.5828367
Laxe;Parque Eólico Pena Forcada Modificado Num1;14664;12665;ES1110005.1468;UA530;44.6339211486;UA500;12219.5828367;14732;ES1110005.1468;1.0;S;6430;6430;;Megaforbios éutrofos higrófilos das orlas de chairas;12219.5828367
Laxe;Parque Eólico Pena Forcada Modificado Num1;14665;12665;ES1110005.1468;UA530;44.6339211486;UA500;12219.5828367;14733;ES1110005.1468;1.0;S;6410;6410;;Prados con Molinia;12219.5828367
Laxe;Parque Eólico Pena Forcada Modificado Num1;14666;12665;ES1110005.1468;UA530;44.6339211486;UA500;12219.5828367;14734;ES1110005.1468;1.0;S;6410;6410;;Prados con Molinia;12219.5828367
Laxe;Parque Eólico Pena Forcada Modificado Num1;15761;14070;ES1110005.2943;UA111;747.727016967;UA100;62525.8399169;15829;ES1110005.2943;;A;1110;1110;;Bancos de area cubertos permanentemente por auga mariña;62525.8399169
Laxe;Parque Eólico Pena Forcada Modificado Num1;15898;14130;ES1110005.3005;UA111;9.27922492963;UA100;1886.24202743;15966;ES1110005.3005;;A;1160;1160;;Grandes calas e baías pouco fondas;1886.24202743
Laxe;Parque Eólico Pena Forcada Modificado Num1;16094;14196;ES1110005.3073;UA151;6.41046406515;UA100;2747.06979213;16162;ES1110005.3073;5.0;P;2130*;2130;X;"Dunas costeiras fixas con vexetación herbácea (""dunas grises"")";2747.06979213
Laxe;Parque Eólico Pena Forcada Modificado Num1;16095;14196;ES1110005.3073;UA151;6.41046406515;UA100;2747.06979213;16163;ES1110005.3073;1.0;V;2190;2190;;Depresións intradunares húmidas;2747.06979213
Laxe;Parque Eólico Pena Forcada Modificado Num1;16096;14196;ES1110005.3073;UA151;6.41046406515;UA100;2747.06979213;16164;ES1110005.3073;2.0;V;2120;2120;;"Dunas móbiles litorais con Ammophila arenaria (""dunas brancas"")";2747.06979213
Laxe;Parque Eólico Pena Forcada Modificado Num1;16097;14197;ES1110005.3074;UA151;22.5396092776;UA100;6290.62899951;16165;ES1110005.3074;5.0;P;2120;2120;;"Dunas móbiles litorais con Ammophila arenaria (""dunas brancas"")";6290.62899951
Laxe;Parque Eólico Pena Forcada Modificado Num1;16098;14197;ES1110005.3074;UA151;22.5396092776;UA100;6290.62899951;16166;ES1110005.3074;1.0;V;2110;2110;;Dunas móbiles embrionarias;6290.62899951
Laxe;Parque Eólico Pena Forcada Modificado Num1;16099;14197;ES1110005.3074;UA151;22.5396092776;UA100;6290.62899951;16167;ES1110005.3074;1.0;V;1210;1210;;Vexetación anual sobre argazos;6290.62899951
Laxe;Parque Eólico Pena Forcada Modificado Num1;16100;14197;ES1110005.3074;UA151;22.5396092776;UA100;6290.62899951;16168;ES1110005.3074;4.0;V;2120;2120;;"Dunas móbiles litorais con Ammophila arenaria (""dunas brancas"")";6290.62899951
Laxe;Parque Eólico Pena Forcada Modificado Num1;16101;14197;ES1110005.3074;UA151;22.5396092776;UA100;6290.62899951;16169;ES1110005.3074;1.0;V;2230;2230;;Dunas con céspedes de Malcomietalia;6290.62899951
Laxe;Parque Eólico Pena Forcada Modificado Num1;16102;14197;ES1110005.3074;UA151;22.5396092776;UA100;6290.62899951;16170;ES1110005.3074;2.0;V;2130*;2130;X;"Dunas costeiras fixas con vexetación herbácea (""dunas grises"")";6290.62899951
Laxe;Parque Eólico Pena Forcada Modificado Num1;16103;14197;ES1110005.3074;UA151;22.5396092776;UA100;6290.62899951;16171;ES1110005.3074;1.0;V;2190;2190;;Depresións intradunares húmidas;6290.62899951
Laxe;PEO Pena Torcada Catasol II,PEO Pena Torcada Catasol II;10646;11539;ES1110005.0277;UA162;84.986984896;UA100;9461.71675712;10714;ES1110005.0277;5.0;P;4030;4030;;Queirogais secos europeos;9461.71675712
Laxe;PEO Pena Torcada Catasol II,PEO Pena Torcada Catasol II;10647;11539;ES1110005.0277;UA162;84.986984896;UA100;9461.71675712;10715;ES1110005.0277;2.0;V;8230;8230;;Rochedos silíceos con vexetación pioneira;9461.71675712
Laxe;PEO Pena Torcada Catasol II,PEO Pena Torcada Catasol II;10648;11539;ES1110005.0277;UA162;84.986984896;UA100;9461.71675712;10716;ES1110005.0277;1.0;V;8220;8220;;Encostas rochosas silíceas con vexetación casmofítica;9461.71675712
Laxe;PEO Pena Torcada Catasol II,PEO Pena Torcada Catasol II;10649;11539;ES1110005.0277;UA162;84.986984896;UA100;9461.71675712;10717;ES1110005.0277;1.0;V;1230;1230;;Cantís con vexetación das costas atlánticas e bálticas;9461.71675712
Laxe;PEO Pena Torcada Catasol II,PEO Pena Torcada Catasol II;10650;11539;ES1110005.0277;UA162;84.986984896;UA100;9461.71675712;10718;ES1110005.0277;5.0;V;4030;4030;;Queirogais secos europeos;9461.71675712
Laxe;PEO Pena Torcada Catasol II,PEO Pena Torcada Catasol II;10651;11539;ES1110005.0277;UA162;84.986984896;UA100;9461.71675712;10719;ES1110005.0277;1.0;V;6220*;6220;X;Pseudoestepas de gramíneas e anuais da orde Thero-Brachypodietea;9461.71675712
Laxe;PEO Pena Torcada Catasol II,PEO Pena Torcada Catasol II;10847;11595;ES1110005.0334;UA162;1.88797149386;UA100;658.989628643;10915;ES1110005.0334;5.0;P;4030;4030;;Queirogais secos europeos;658.989628643
Laxe;PEO Pena Torcada Catasol II,PEO Pena Torcada Catasol II;10848;11595;ES1110005.0334;UA162;1.88797149386;UA100;658.989628643;10916;ES1110005.0334;5.0;V;4030;4030;;Queirogais secos europeos;658.989628643
Laxe;PEO Pena Torcada Catasol II,PEO Pena Torcada Catasol II;12464;12156;ES1110005.0935;UA162;3.18150055287;UA100;1191.45545933;12532;ES1110005.0935;5.0;P;4030;4030;;Queirogais secos europeos;1191.45545933
Laxe;PEO Pena Torcada Catasol II,PEO Pena Torcada Catasol II;12465;12156;ES1110005.0935;UA162;3.18150055287;UA100;1191.45545933;12533;ES1110005.0935;5.0;V;8230;8230;;Rochedos silíceos con vexetación pioneira;1191.45545933
Laxe;PEO Pena Torcada Catasol II,PEO Pena Torcada Catasol II;12466;12156;ES1110005.0935;UA162;3.18150055287;UA100;1191.45545933;12534;ES1110005.0935;1.0;V;8130;8130;;Desprendementos mediterráneos occidentais e termófilos;1191.45545933
Laxe;PEO Pena Torcada Catasol II,PEO Pena Torcada Catasol II;12467;12156;ES1110005.0935;UA162;3.18150055287;UA100;1191.45545933;12535;ES1110005.0935;1.0;V;4030;4030;;Queirogais secos europeos;1191.45545933
Laxe;PEO Pena Torcada Catasol II,PEO Pena Torcada Catasol II;12468;12156;ES1110005.0935;UA162;3.18150055287;UA100;1191.45545933;12536;ES1110005.0935;1.0;V;6220*;6220;X;Pseudoestepas de gramíneas e anuais da orde Thero-Brachypodietea;1191.45545933
Laxe;PEO Pena Torcada Catasol II,PEO Pena Torcada Catasol II;13721;12421;ES1110005.1201;UA550;5.83910016498;UA500;3307.5849417;13789;ES1110005.1201;3.0;V;6510;6510;;Prados de sega de baixa altitude;3307.5849417
Laxe;PEO Pena Torcada Catasol II,PEO Pena Torcada Catasol II;13722;12421;ES1110005.1201;UA550;5.83910016498;UA500;3307.5849417;13791;ES1110005.1201;1.0;S;6430;6430;;Megaforbios éutrofos higrófilos das orlas de chairas;3307.5849417
Laxe;PEO Pena Torcada Catasol II,PEO Pena Torcada Catasol II;13723;12421;ES1110005.1201;UA550;5.83910016498;UA500;3307.5849417;13790;ES1110005.1201;1.0;V;6410;6410;;Prados con Molinia;3307.5849417
Laxe;PEO Pena Torcada Catasol II,PEO Pena Torcada Catasol II;14677;12668;ES1110005.1471;UA530;155.469054112;UA500;27761.4250133;14745;ES1110005.1471;2.0;V;6510;6510;;Prados de sega de baixa altitude;27761.4250133
Laxe;PEO Pena Torcada Catasol II,PEO Pena Torcada Catasol II;14678;12668;ES1110005.1471;UA530;155.469054112;UA500;27761.4250133;14746;ES1110005.1471;1.0;V;6410;6410;;Prados con Molinia;27761.4250133
Laxe;PEO Pena Torcada Catasol II,PEO Pena Torcada Catasol II;14679;12668;ES1110005.1471;UA530;155.469054112;UA500;27761.4250133;14747;ES1110005.1471;1.0;S;6430;6430;;Megaforbios éutrofos higrófilos das orlas de chairas;27761.4250133
Laxe;PEO Pena Torcada Catasol II,PEO Pena Torcada Catasol II;14680;12668;ES1110005.1471;UA530;155.469054112;UA500;27761.4250133;14748;ES1110005.1471;1.0;S;6410;6410;;Prados con Molinia;27761.4250133
Laxe;PEO Pena Torcada Catasol II,PEO Pena Torcada Catasol II;14681;12668;ES1110005.1471;UA530;155.469054112;UA500;27761.4250133;14749;ES1110005.1471;1.0;S;6410;6410;;Prados con Molinia;27761.4250133
Laxe;PEO Pena Torcada Catasol II,PEO Pena Torcada Catasol II;14789;12960;ES1110005.1781;UA630;21.2574885815;UA600;3702.31751827;14857;ES1110005.1781;1.0;S;6430;6430;;Megaforbios éutrofos higrófilos das orlas de chairas;3702.31751827
Laxe;PEO Pena Torcada Catasol II,PEO Pena Torcada Catasol II;14911;13734;ES1110005.2583;UA550;72.1976635421;UA500;10979.4458298;14980;ES1110005.2583;1.0;V;6410;6410;;Prados con Molinia;10979.4458298
Laxe;PEO Pena Torcada Catasol II,PEO Pena Torcada Catasol II;14912;13734;ES1110005.2583;UA550;72.1976635421;UA500;10979.4458298;14981;ES1110005.2583;1.0;S;6430;6430;;Megaforbios éutrofos higrófilos das orlas de chairas;10979.4458298
Laxe;PEO Pena Torcada Catasol II,PEO Pena Torcada Catasol II;14913;13734;ES1110005.2583;UA550;72.1976635421;UA500;10979.4458298;14979;ES1110005.2583;3.0;V;6510;6510;;Prados de sega de baixa altitude;10979.4458298
Laxe;PEO Pena Torcada Catasol II,PEO Pena Torcada Catasol II;14914;13734;ES1110005.2583;UA550;72.1976635421;UA500;10979.4458298;14982;ES1110005.2583;1.0;S;91E0*;91E0;X;Bosques aluviais de Alnus glutinosa e Fraxinus excelsior;10979.4458298
Laxe;PEO Pena Torcada Catasol II,PEO Pena Torcada Catasol II;15458;13951;ES1110005.2800;UA220;0.33456147422;UA200;2703.15915896;15526;ES1110005.2800;5.0;P;3260;3260;;Ríos dos pisos basal a montano;2703.15915896
Laxe;PEO Pena Torcada Catasol II,PEO Pena Torcada Catasol II;15459;13951;ES1110005.2800;UA220;0.33456147422;UA200;2703.15915896;15527;ES1110005.2800;1.0;S;6430;6430;;Megaforbios éutrofos higrófilos das orlas de chairas;2703.15915896
Laxe;PEO Pena Torcada Catasol II,PEO Pena Torcada Catasol II;15463;13953;ES1110005.2802;UA550;2.42946190056;UA500;1552.73056836;15531;ES1110005.2802;3.0;V;6510;6510;;Prados de sega de baixa altitude;1552.73056836
Laxe;PEO Pena Torcada Catasol II,PEO Pena Torcada Catasol II;15464;13953;ES1110005.2802;UA550;2.42946190056;UA500;1552.73056836;15532;ES1110005.2802;1.0;V;6410;6410;;Prados con Molinia;1552.73056836
Laxe;PEO Pena Torcada Catasol II,PEO Pena Torcada Catasol II;15465;13953;ES1110005.2802;UA550;2.42946190056;UA500;1552.73056836;15533;ES1110005.2802;1.0;S;6430;6430;;Megaforbios éutrofos higrófilos das orlas de chairas;1552.73056836
